{
    "airports": [
        {
            "label": "LIT - Adams Field",
            "value": "Adams Field",
            "code": "LIT",
            "search_term": "LIT Adams Field"
        },
        {
            "label": "ALB - Albany International",
            "value": "Albany International",
            "code": "ALB",
            "search_term": "ALB Albany International"
        },
        {
            "label": "ABQ - Albuquerque International Sunport",
            "value": "Albuquerque International Sunport",
            "code": "ABQ",
            "search_term": "ABQ Albuquerque International Sunport"
        },
        {
            "label": "ANC - Anchorage International",
            "value": "Anchorage International",
            "code": "ANC",
            "search_term": "ANC Anchorage International"
        },
        {
            "label": "ATL - Atlanta Municipal",
            "value": "Atlanta Municipal",
            "code": "ATL",
            "search_term": "ATL Atlanta Municipal"
        },
        {
            "label": "AUS - Austin - Bergstrom International",
            "value": "Austin - Bergstrom International",
            "code": "AUS",
            "search_term": "AUS Austin - Bergstrom International"
        },
        {
            "label": "BHM - Birmingham Airport",
            "value": "Birmingham Airport",
            "code": "BHM",
            "search_term": "BHM Birmingham Airport"
        },
        {
            "label": "BOI - Boise Air Terminal",
            "value": "Boise Air Terminal",
            "code": "BOI",
            "search_term": "BOI Boise Air Terminal"
        },
        {
            "label": "BDL - Bradley International",
            "value": "Bradley International",
            "code": "BDL",
            "search_term": "BDL Bradley International"
        },
        {
            "label": "CHS - Charleston International",
            "value": "Charleston International",
            "code": "CHS",
            "search_term": "CHS Charleston International"
        },
        {
            "label": "MDW - Chicago Midway International",
            "value": "Chicago Midway International",
            "code": "MDW",
            "search_term": "MDW Chicago Midway International"
        },
        {
            "label": "ORD - Chicago O'Hare International",
            "value": "Chicago O'Hare International",
            "code": "ORD",
            "search_term": "ORD Chicago O'Hare International"
        },
        {
            "label": "CVG - Cincinnati/Northern Kentucky International",
            "value": "Cincinnati/Northern Kentucky International",
            "code": "CVG",
            "search_term": "CVG Cincinnati/Northern Kentucky International"
        },
        {
            "label": "CLE - Cleveland-Hopkins International",
            "value": "Cleveland-Hopkins International",
            "code": "CLE",
            "search_term": "CLE Cleveland-Hopkins International"
        },
        {
            "label": "DFW - Dallas Fort Worth Regional",
            "value": "Dallas Fort Worth Regional",
            "code": "DFW",
            "search_term": "DFW Dallas Fort Worth Regional"
        },
        {
            "label": "DAL - Dallas Love Field",
            "value": "Dallas Love Field",
            "code": "DAL",
            "search_term": "DAL Dallas Love Field"
        },
        {
            "label": "DSM - Des Moines Municipal",
            "value": "Des Moines Municipal",
            "code": "DSM",
            "search_term": "DSM Des Moines Municipal"
        },
        {
            "label": "DTW - Detroit Metro Wayne County",
            "value": "Detroit Metro Wayne County",
            "code": "DTW",
            "search_term": "DTW Detroit Metro Wayne County"
        },
        {
            "label": "CLT - Douglas Municipal",
            "value": "Douglas Municipal",
            "code": "CLT",
            "search_term": "CLT Douglas Municipal"
        },
        {
            "label": "ELP - El Paso International",
            "value": "El Paso International",
            "code": "ELP",
            "search_term": "ELP El Paso International"
        },
        {
            "label": "OMA - Eppley Airfield",
            "value": "Eppley Airfield",
            "code": "OMA",
            "search_term": "OMA Eppley Airfield"
        },
        {
            "label": "FLL - Fort Lauderdale-Hollywood International",
            "value": "Fort Lauderdale-Hollywood International",
            "code": "FLL",
            "search_term": "FLL Fort Lauderdale-Hollywood International"
        },
        {
            "label": "BWI - Friendship International",
            "value": "Friendship International",
            "code": "BWI",
            "search_term": "BWI Friendship International"
        },
        {
            "label": "MKE - General Mitchell Field",
            "value": "General Mitchell Field",
            "code": "MKE",
            "search_term": "MKE General Mitchell Field"
        },
        {
            "label": "BUF - Greater Buffalo International",
            "value": "Greater Buffalo International",
            "code": "BUF",
            "search_term": "BUF Greater Buffalo International"
        },
        {
            "label": "GSP - Greenville-Spartanburg",
            "value": "Greenville-Spartanburg",
            "code": "GSP",
            "search_term": "GSP Greenville-Spartanburg"
        },
        {
            "label": "BUR - Hollywood-Burbank Midpoint",
            "value": "Hollywood-Burbank Midpoint",
            "code": "BUR",
            "search_term": "BUR Hollywood-Burbank Midpoint"
        },
        {
            "label": "HNL - Honolulu International",
            "value": "Honolulu International",
            "code": "HNL",
            "search_term": "HNL Honolulu International"
        },
        {
            "label": "HBU - Houston Intercontinental",
            "value": "Houston Intercontinental",
            "code": "HBU",
            "search_term": "HBU Houston Intercontinental"
        },
        {
            "label": "IND - Indianapolis Muni/Weir Cook",
            "value": "Indianapolis Muni/Weir Cook",
            "code": "IND",
            "search_term": "IND Indianapolis Muni/Weir Cook"
        },
        {
            "label": "JAX - Jacksonville International",
            "value": "Jacksonville International",
            "code": "JAX",
            "search_term": "JAX Jacksonville International"
        },
        {
            "label": "DAY - James M Cox/Dayton International",
            "value": "James M Cox/Dayton International",
            "code": "DAY",
            "search_term": "DAY James M Cox/Dayton International"
        },
        {
            "label": "JFK - John F. Kennedy International",
            "value": "John F. Kennedy International",
            "code": "JFK",
            "search_term": "JFK John F. Kennedy International"
        },
        {
            "label": "OGG - Kahului Airport",
            "value": "Kahului Airport",
            "code": "OGG",
            "search_term": "OGG Kahului Airport"
        },
        {
            "label": "MCI - Kansas City International",
            "value": "Kansas City International",
            "code": "MCI",
            "search_term": "MCI Kansas City International"
        },
        {
            "label": "KOA - Keahole",
            "value": "Keahole",
            "code": "KOA",
            "search_term": "KOA Keahole"
        },
        {
            "label": "GRR - Kent County",
            "value": "Kent County",
            "code": "GRR",
            "search_term": "GRR Kent County"
        },
        {
            "label": "LGA - LaGuardia",
            "value": "LaGuardia",
            "code": "LGA",
            "search_term": "LGA LaGuardia"
        },
        {
            "label": "STL - Lambert-St. Louis International",
            "value": "Lambert-St. Louis International",
            "code": "STL",
            "search_term": "STL Lambert-St. Louis International"
        },
        {
            "label": "LIH - Lihue Airport",
            "value": "Lihue Airport",
            "code": "LIH",
            "search_term": "LIH Lihue Airport"
        },
        {
            "label": "BOS - Logan International",
            "value": "Logan International",
            "code": "BOS",
            "search_term": "BOS Logan International"
        },
        {
            "label": "LGB - Long Beach Daugherty Field",
            "value": "Long Beach Daugherty Field",
            "code": "LGB",
            "search_term": "LGB Long Beach Daugherty Field"
        },
        {
            "label": "LAX - Los Angeles International",
            "value": "Los Angeles International",
            "code": "LAX",
            "search_term": "LAX Los Angeles International"
        },
        {
            "label": "MSY - Louis Armstrong New Orleans International",
            "value": "Louis Armstrong New Orleans International",
            "code": "MSY",
            "search_term": "MSY Louis Armstrong New Orleans International"
        },
        {
            "label": "LAS - McCarran International",
            "value": "McCarran International",
            "code": "LAS",
            "search_term": "LAS McCarran International"
        },
        {
            "label": "TYS - McGhee Tyson",
            "value": "McGhee Tyson",
            "code": "TYS",
            "search_term": "TYS McGhee Tyson"
        },
        {
            "label": "MEM - Memphis International",
            "value": "Memphis International",
            "code": "MEM",
            "search_term": "MEM Memphis International"
        },
        {
            "label": "OAK - Metropolitan Oakland International",
            "value": "Metropolitan Oakland International",
            "code": "OAK",
            "search_term": "OAK Metropolitan Oakland International"
        },
        {
            "label": "MIA - Miami International",
            "value": "Miami International",
            "code": "MIA",
            "search_term": "MIA Miami International"
        },
        {
            "label": "MSP - Minneapolis-St Paul International",
            "value": "Minneapolis-St Paul International",
            "code": "MSP",
            "search_term": "MSP Minneapolis-St Paul International"
        },
        {
            "label": "MYR - Myrtle Beach International",
            "value": "Myrtle Beach International",
            "code": "MYR",
            "search_term": "MYR Myrtle Beach International"
        },
        {
            "label": "BNA - Nashville International",
            "value": "Nashville International",
            "code": "BNA",
            "search_term": "BNA Nashville International"
        },
        {
            "label": "EWR - Newark Liberty International",
            "value": "Newark Liberty International",
            "code": "EWR",
            "search_term": "EWR Newark Liberty International"
        },
        {
            "label": "ORF - Norfolk International",
            "value": "Norfolk International",
            "code": "ORF",
            "search_term": "ORF Norfolk International"
        },
        {
            "label": "XNA - Northwest Arkansas Regional",
            "value": "Northwest Arkansas Regional",
            "code": "XNA",
            "search_term": "XNA Northwest Arkansas Regional"
        },
        {
            "label": "ONT - Ontario International",
            "value": "Ontario International",
            "code": "ONT",
            "search_term": "ONT Ontario International"
        },
        {
            "label": "SNA - Orange County",
            "value": "Orange County",
            "code": "SNA",
            "search_term": "SNA Orange County"
        },
        {
            "label": "MCO - Orlando International",
            "value": "Orlando International",
            "code": "MCO",
            "search_term": "MCO Orlando International"
        },
        {
            "label": "PBI - Palm Beach International",
            "value": "Palm Beach International",
            "code": "PBI",
            "search_term": "PBI Palm Beach International"
        },
        {
            "label": "PSP - Palm Springs International",
            "value": "Palm Springs International",
            "code": "PSP",
            "search_term": "PSP Palm Springs International"
        },
        {
            "label": "PNS - Pensacola Regional",
            "value": "Pensacola Regional",
            "code": "PNS",
            "search_term": "PNS Pensacola Regional"
        },
        {
            "label": "PHL - Philadelphia International",
            "value": "Philadelphia International",
            "code": "PHL",
            "search_term": "PHL Philadelphia International"
        },
        {
            "label": "PHX - Phoenix Sky Harbor International",
            "value": "Phoenix Sky Harbor International",
            "code": "PHX",
            "search_term": "PHX Phoenix Sky Harbor International"
        },
        {
            "label": "GSO - Piedmont Triad International",
            "value": "Piedmont Triad International",
            "code": "GSO",
            "search_term": "GSO Piedmont Triad International"
        },
        {
            "label": "PIT - Pittsburgh International",
            "value": "Pittsburgh International",
            "code": "PIT",
            "search_term": "PIT Pittsburgh International"
        },
        {
            "label": "CMH - Port Columbus International",
            "value": "Port Columbus International",
            "code": "CMH",
            "search_term": "CMH Port Columbus International"
        },
        {
            "label": "PDX - Portland International",
            "value": "Portland International",
            "code": "PDX",
            "search_term": "PDX Portland International"
        },
        {
            "label": "PWM - Portland International Jetport",
            "value": "Portland International Jetport",
            "code": "PWM",
            "search_term": "PWM Portland International Jetport"
        },
        {
            "label": "SJU - Puerto Rico International",
            "value": "Puerto Rico International",
            "code": "SJU",
            "search_term": "SJU Puerto Rico International"
        },
        {
            "label": "RDU - Raleigh-Durham International",
            "value": "Raleigh-Durham International",
            "code": "RDU",
            "search_term": "RDU Raleigh-Durham International"
        },
        {
            "label": "RNO - Reno/Tahoe International",
            "value": "Reno/Tahoe International",
            "code": "RNO",
            "search_term": "RNO Reno/Tahoe International"
        },
        {
            "label": "RIC - Richmond International",
            "value": "Richmond International",
            "code": "RIC",
            "search_term": "RIC Richmond International"
        },
        {
            "label": "ROC - Rochester Monroe County",
            "value": "Rochester Monroe County",
            "code": "ROC",
            "search_term": "ROC Rochester Monroe County"
        },
        {
            "label": "DCA - Ronald Reagan Washington National",
            "value": "Ronald Reagan Washington National",
            "code": "DCA",
            "search_term": "DCA Ronald Reagan Washington National"
        },
        {
            "label": "SMF - Sacramento International",
            "value": "Sacramento International",
            "code": "SMF",
            "search_term": "SMF Sacramento International"
        },
        {
            "label": "SLC - Salt Lake City International",
            "value": "Salt Lake City International",
            "code": "SLC",
            "search_term": "SLC Salt Lake City International"
        },
        {
            "label": "SAT - San Antonio International",
            "value": "San Antonio International",
            "code": "SAT",
            "search_term": "SAT San Antonio International"
        },
        {
            "label": "SAN - San Diego International Lindbergh Fl",
            "value": "San Diego International Lindbergh Fl",
            "code": "SAN",
            "search_term": "SAN San Diego International Lindbergh Fl"
        },
        {
            "label": "SFO - San Francisco International",
            "value": "San Francisco International",
            "code": "SFO",
            "search_term": "SFO San Francisco International"
        },
        {
            "label": "SJC - San Jose International",
            "value": "San Jose International",
            "code": "SJC",
            "search_term": "SJC San Jose International"
        },
        {
            "label": "SFB - Sanford NAS",
            "value": "Sanford NAS",
            "code": "SFB",
            "search_term": "SFB Sanford NAS"
        },
        {
            "label": "SAV - Savannah/Hilton Head International",
            "value": "Savannah/Hilton Head International",
            "code": "SAV",
            "search_term": "SAV Savannah/Hilton Head International"
        },
        {
            "label": "SEA - Seattle International",
            "value": "Seattle International",
            "code": "SEA",
            "search_term": "SEA Seattle International"
        },
        {
            "label": "RSW - Southwest Florida International",
            "value": "Southwest Florida International",
            "code": "RSW",
            "search_term": "RSW Southwest Florida International"
        },
        {
            "label": "GEG - Spokane International",
            "value": "Spokane International",
            "code": "GEG",
            "search_term": "GEG Spokane International"
        },
        {
            "label": "SDF - Standiford Field",
            "value": "Standiford Field",
            "code": "SDF",
            "search_term": "SDF Standiford Field"
        },
        {
            "label": "DEN - Stapleton International",
            "value": "Stapleton International",
            "code": "DEN",
            "search_term": "DEN Stapleton International"
        },
        {
            "label": "SYR - Syracuse Hancock International",
            "value": "Syracuse Hancock International",
            "code": "SYR",
            "search_term": "SYR Syracuse Hancock International"
        },
        {
            "label": "TPA - Tampa International",
            "value": "Tampa International",
            "code": "TPA",
            "search_term": "TPA Tampa International"
        },
        {
            "label": "PVD - Theodore Francis Green State",
            "value": "Theodore Francis Green State",
            "code": "PVD",
            "search_term": "PVD Theodore Francis Green State"
        },
        {
            "label": "MSN - Truax Field",
            "value": "Truax Field",
            "code": "MSN",
            "search_term": "MSN Truax Field"
        },
        {
            "label": "TUS - Tucson International",
            "value": "Tucson International",
            "code": "TUS",
            "search_term": "TUS Tucson International"
        },
        {
            "label": "TUL - Tulsa International",
            "value": "Tulsa International",
            "code": "TUL",
            "search_term": "TUL Tulsa International"
        },
        {
            "label": "IAD - Washington Dulles International",
            "value": "Washington Dulles International",
            "code": "IAD",
            "search_term": "IAD Washington Dulles International"
        },
        {
            "label": "OKC - Will Rogers World",
            "value": "Will Rogers World",
            "code": "OKC",
            "search_term": "OKC Will Rogers World"
        },
        {
            "label": "HOU - William P Hobby",
            "value": "William P Hobby",
            "code": "HOU",
            "search_term": "HOU William P Hobby"
        }
    ],
    "carriers": [
        {
            "label": "AS - Alaska Airlines Inc.",
            "value": "Alaska Airlines Inc.",
            "code": "AS"
        },
        {
            "label": "G4 - Allegiant Air",
            "value": "Allegiant Air",
            "code": "G4"
        },
        {
            "label": "AA - American Airlines Inc.",
            "value": "American Airlines Inc.",
            "code": "AA"
        },
        {
            "label": "MQ - American Eagle Airlines Inc.",
            "value": "American Eagle Airlines Inc.",
            "code": "MQ"
        },
        {
            "label": "EV - Atlantic Southeast Airlines",
            "value": "Atlantic Southeast Airlines",
            "code": "EV"
        },
        {
            "label": "OH - Comair Inc.",
            "value": "Comair Inc.",
            "code": "OH"
        },
        {
            "label": "DL - Delta Air Lines Inc.",
            "value": "Delta Air Lines Inc.",
            "code": "DL"
        },
        {
            "label": "9E - Endeavor Air Inc.",
            "value": "Endeavor Air Inc.",
            "code": "9E"
        },
        {
            "label": "F9 - Frontier Airlines Inc.",
            "value": "Frontier Airlines Inc.",
            "code": "F9"
        },
        {
            "label": "HA - Hawaiian Airlines Inc.",
            "value": "Hawaiian Airlines Inc.",
            "code": "HA"
        },
        {
            "label": "B6 - JetBlue Airways",
            "value": "JetBlue Airways",
            "code": "B6"
        },
        {
            "label": "YV - Mesa Airlines Inc.",
            "value": "Mesa Airlines Inc.",
            "code": "YV"
        },
        {
            "label": "YX - Midwest Airline, Inc.",
            "value": "Midwest Airline, Inc.",
            "code": "YX"
        },
        {
            "label": "OO - SkyWest Airlines Inc.",
            "value": "SkyWest Airlines Inc.",
            "code": "OO"
        },
        {
            "label": "WN - Southwest Airlines Co.",
            "value": "Southwest Airlines Co.",
            "code": "WN"
        },
        {
            "label": "NK - Spirit Air Lines",
            "value": "Spirit Air Lines",
            "code": "NK"
        },
        {
            "label": "UA - United Air Lines Inc.",
            "value": "United Air Lines Inc.",
            "code": "UA"
        }
    ]
}